{
  "movie": {
    "properties": {
      "director_name": {
        "type": "text",
        "analyzer": "n_gram",
        "search_analyzer": "standard"
      },
      "actor_names": {
        "type": "text",
        "analyzer": "n_gram",
        "search_analyzer": "standard"
      },
      "genres": {
        "type": "text"
      },
      "movie_title": {
        "type": "text",
        "analyzer": "n_gram",
        "search_analyzer": "standard"
      },
      "plot_keywords": {
        "type": "text"
      },
      "movie_plot": {
        "type": "text"
      },
      "movie_thumbnail": {
        "type": "keyword",
        "index": false
      },
      "movie_imdb_link": {
        "type": "keyword",
        "index": false
      },
      "language": {
        "type": "keyword",
        "index": false
      },
      "country": {
        "type": "keyword",
        "index": false
      },
      "title_year": {
        "type": "integer",
        "index": false
      },
      "imdb_score": {
        "type": "float"
      }
    }
  }
}
